,0
aback,3.4420609383148446
abase,4.523582406127375
abate,4.572007720062092
abbey,3.922186032127243
abbot,3.979674569999209
abhor,4.598528516418666
abide,4.893572999209421
abled,4.877487260206583
abode,4.867953429361446
abort,5.092671748172643
about,4.6852914359853
above,4.496907554832197
abuse,4.972120749558891
abyss,3.6186232892056647
acorn,5.155276155390062
acrid,4.915216004139992
actor,5.216654459962807
acute,5.236593164102714
adage,4.287107107483533
adapt,4.0601266854498625
adept,4.917918330624442
admin,4.45067661613857
admit,4.617513993626192
adobe,4.8395074217359735
adopt,4.735950884427015
adore,5.434850993952366
adorn,5.04996206326798
adult,4.8791858920720115
affix,2.842380573359775
afire,5.248637269328012
afoot,4.112979600949579
afoul,4.520531090471032
after,5.142562091002883
again,4.116188836889665
agape,4.234730823030537
agate,4.592588248333082
agent,5.087045141930307
agile,5.268849825748903
aging,3.823028462508714
aglow,4.233731480654305
agony,4.581238785989301
agree,4.827487119554995
ahead,4.281309105822811
aider,5.401911579147156
aisle,5.635641642534595
alarm,4.396843696525029
album,4.28068844517256
alert,5.744211188991762
algae,4.616810982979707
alibi,3.956319442924704
alien,5.607061114370462
align,4.911672220020046
alike,5.177813553306449
alive,5.066754165526358
allay,3.55772593046573
alley,4.564221828925837
allot,4.626455278976047
allow,3.9358383962678563
alloy,4.242578044469903
aloft,4.92664135191875
alone,5.6112819733074915
along,4.862433656734605
aloof,4.069280473573752
aloud,4.8494430069863625
alpha,3.8656134556328205
altar,4.7864627425402935
alter,5.713372336368849
amass,3.356948760566039
amaze,3.7256593688655526
amber,4.861623520835698
amble,4.851186756026177
amend,4.796868183109069
amiss,4.038887528499316
amity,4.676669601513247
among,4.422539003843051
ample,4.951236595036845
amply,4.299303957985582
amuse,5.048229432325641
angel,5.137114686868098
anger,5.189321273813294
angle,5.1808253489591385
angry,4.659229458312048
angst,4.866340665088707
anime,5.178221717243859
ankle,4.998007350001383
annex,3.8350392996309655
annoy,4.1034563631593235
annul,4.179468041923836
anode,5.25377277885085
antic,4.884227308703007
anvil,4.558961525218775
aorta,4.724665076584596
apart,4.569059902668796
aphid,4.304668862672562
aping,4.475277244798403
apnea,4.431836283620274
apple,4.47700029668032
apply,3.8171813099081247
apron,5.02740594587053
aptly,4.724542874468952
arbor,4.363875234933407
ardor,4.501536368998414
arena,4.865001952528566
argue,5.216576079549334
arise,5.821023459282914
armor,4.413818416567453
aroma,4.316960911142559
arose,5.767804897087286
array,3.8219486374748164
arrow,4.1902792191035285
arson,5.341245373690037
artsy,5.218202991144533
ascot,4.985135935374801
ashen,5.013025573650729
aside,5.191856633166493
askew,4.289132078931296
assay,3.3162588146620413
asset,4.714592640294972
atoll,4.591008361170082
atone,5.557454213254542
attic,4.164905989820191
audio,4.590283746704058
audit,4.88405770994202
augur,4.035311582798888
aunty,4.7741813906992405
avail,4.006414226755708
avert,5.085679178557738
avian,3.918191484542036
avoid,4.331645527366476
await,4.193040268562322
awake,3.9122736050977576
award,3.9873808586055364
aware,4.598195464399965
awash,3.8434093256955086
awful,3.9747045978297004
awoke,4.533700650420359
axial,3.7607815082157083
axiom,3.9742839703481185
axion,4.301697778766848
azure,4.70118259691444
bacon,4.688028678138712
badge,4.691179605918791
badly,4.4545859035054285
bagel,4.942018681901578
baggy,3.429067075627454
baker,4.799370191029399
baler,5.332516581398932
balmy,4.325144215944005
banal,4.212423270724753
banjo,3.908646931967981
barge,5.114311352137086
baron,5.0485182237337956
basal,4.202243502368365
basic,4.602744249445584
basil,4.927520502957074
basin,4.829880584246975
basis,4.008461209054473
baste,5.304690860304449
batch,4.528256255092821
bathe,5.048499839555115
baton,4.92368824994815
batty,3.9431519830637147
bawdy,3.844010082913479
bayou,4.304049732645966
beach,4.792088897949573
beady,4.651101171050129
beard,5.143825772805663
beast,5.3725710221939735
beech,3.949148125756136
beefy,3.574517148817226
befit,4.5684893877708665
began,4.7290081915819595
begat,4.894557324271327
beget,4.240404860348302
begin,4.540638530135059
begun,4.324336488826398
being,4.549306482353606
belch,4.527569098495815
belie,4.5412682351157745
belle,3.7896874845416497
belly,3.9332563854271925
below,4.411666232667064
bench,4.458738345394388
beret,4.763450160635368
berry,4.091942104719318
berth,4.903520269797741
beset,4.546459138923565
betel,4.550913204969558
bevel,3.900257631034885
bezel,3.6682002413454793
bible,4.249922014675921
bicep,4.539171085332865
biddy,3.3196879401820314
bigot,4.482896071777129
bilge,4.763597078125491
billy,3.741284204039002
binge,4.6530353735072065
bingo,4.209541190800365
biome,4.764163976680646
birch,4.462209141802642
birth,4.6835380575789545
bison,4.634068959078301
bitty,3.7368336827941135
black,4.311961303427136
blade,5.113406049110358
blame,5.019035429556829
bland,4.714776442163912
blank,4.438306777262189
blare,5.486044168394809
blast,5.120061798093614
blaze,4.525793386573894
bleak,4.595724614711986
bleat,5.232640182554793
bleed,4.2421675334135145
bleep,4.180877062158622
blend,4.66731878146227
bless,4.120403923345957
blimp,4.0925704739409285
blind,4.48848224630342
blink,4.2233876441108285
bliss,3.961212124096059
blitz,3.9839633325460797
bloat,5.0955904116413215
block,4.121957641783849
bloke,4.638311643100216
blond,4.526500884392831
blood,3.8596612062865283
bloom,3.6972124736813177
blown,4.167831247494757
bluer,5.00452437665753
bluff,3.1125257664308617
blunt,4.621203543611708
blurb,3.751359874136044
blurt,4.803528884538817
blush,4.359296212017782
board,4.933732061100754
boast,5.1405264612507295
bobby,2.6066539764705112
boney,4.753907075211287
bongo,3.5317332421940084
bonus,4.419936718295814
booby,2.8759755179864235
boost,4.212562245012419
booth,3.8932665129448316
booty,3.864974004260207
booze,3.5568911456452796
boozy,2.9511573755776475
borax,4.2388211228512915
borne,5.249577627174494
bosom,3.6017720813766214
bossy,3.726896512757944
botch,4.350905400896424
bough,4.033742348636836
boule,5.027443155497565
bound,4.334830361785101
bowel,4.582128040639799
boxer,4.329647895714228
brace,5.3882031504106624
braid,4.906591691243179
brain,5.094137962016192
brake,4.992552916126144
brand,4.86528758942181
brash,4.876680994343067
brass,4.2660127970618245
brave,4.893482599781883
bravo,4.470009950876117
brawl,4.589917308802056
brawn,4.528770052854683
bread,5.049981321930942
break,4.774794715178682
breed,4.3644771149407475
briar,4.451276627021283
bribe,4.395449352254438
brick,4.268875881136892
bride,5.036392904625323
brief,4.762606400877281
brine,5.254980120240419
bring,4.449787822703048
brink,4.373102952862954
briny,4.63976703779487
brisk,4.429290037324083
broad,4.896030433516786
broil,4.986344480776549
broke,4.7771304973410045
brood,4.008336218628031
brook,3.7303859974032396
broom,3.847564731957098
broth,4.769856495427704
brown,4.326220902678445
brunt,4.7894697089011915
brush,4.489113046545974
brute,5.149158727064331
buddy,3.1172149066758417
budge,4.2720643363539255
buggy,3.006078084670187
bugle,4.592816146893275
build,4.427341860034277
built,4.775009399825679
bulge,4.565754994102852
bulky,3.7442739589970775
bully,3.533570815377327
bunch,4.049414758270716
bunny,3.4269822541106176
burly,4.419904492673512
burnt,4.762661670842359
burst,4.822773804560303
bused,4.5531128739272555
bushy,3.8835656998095356
butch,4.114678974384784
butte,4.181477756405298
buxom,3.302559025392814
buyer,4.6520718848237905
bylaw,4.001328603058931
cabal,4.126106230394801
cabby,3.599314895565769
cabin,4.75596072379025
cable,5.25187228647745
cacao,3.5795147836864802
cache,4.404527615636124
cacti,4.246664835344572
caddy,3.793079246298313
cadet,5.366649099189518
cagey,4.859438058566975
cairn,5.366075447753732
camel,5.213508957601337
cameo,5.0681254838179015
canal,4.4812025707192875
candy,4.603579537563575
canny,4.114292913105694
canoe,5.514715531974429
canon,4.366997057688791
caper,5.3309584220314585
caput,4.8028613800108
carat,4.794122286656689
cargo,4.945546896528852
carol,5.390655203708901
carry,4.366095313243673
carve,5.130888006315975
caste,5.571255323961436
catch,4.109313630225875
cater,5.648077618641163
catty,4.197637031475968
caulk,4.574863908658555
cause,5.410047227701637
cavil,4.636185406203157
cease,5.007670050970868
cedar,5.334608744840712
cello,4.4511204104624
chafe,4.802949407656404
chaff,3.4802083841875806
chain,4.8989792221057655
chair,5.136667158556859
chalk,4.454940128413635
champ,4.242220893233044
chant,5.016102595776252
chaos,4.819140854794612
chard,4.845118299591198
charm,4.716685410136406
chart,5.200346710487444
chase,5.283209966891613
chasm,4.549175612793446
cheap,4.7655899275181515
cheat,5.180961406014951
check,3.465969467340129
cheek,3.873850704976435
cheer,4.526268770057405
chess,4.015060762497194
chest,4.9608105399306455
chick,3.3261044671322146
chide,4.837758900981583
chief,4.570626214898672
child,4.551481839951375
chili,3.8580341034241945
chill,4.074948325602715
chime,4.759570487699657
china,4.7592366353224005
chirp,4.58247120944565
chock,3.348788817852781
choir,4.973242695554532
choke,4.559815845994178
chord,4.676084358936259
chore,5.2609152666414065
chose,5.084856878866384
chuck,3.1252024164603616
chump,3.827460832474907
chunk,3.9439894432650116
churn,4.625615358675434
chute,4.925787498429498
cider,5.155727214134359
cigar,4.98037868621899
cinch,3.8035716851052426
circa,4.371038892603511
civic,2.653164942634461
civil,3.6384258459113927
clack,3.891722224964419
claim,4.8980128946098755
clamp,4.5664719568920695
clang,4.788350749881498
clank,4.683015378830768
clash,4.9771906114980755
clasp,4.951830104030175
class,4.402884577702603
clean,5.339066363864463
clear,5.547450519432374
cleat,5.489422897356733
cleft,4.798722682635259
clerk,4.794902979412634
click,3.6890858341888912
cliff,3.6005012503222282
climb,4.2364561864610595
cling,4.557274765146409
clink,4.461080103251511
cloak,4.712424443668068
clock,3.6945274570908744
clone,5.382912073668943
close,5.427638071462523
cloth,4.832679916119366
cloud,4.657329691136259
clout,4.9977305152354745
clove,4.803800494720438
clown,4.444546551006774
cluck,3.473653708766311
clued,4.9539254565604285
clump,4.147810929015318
clung,4.345221216421614
coach,4.16452641956245
coast,5.385023153746122
cobra,4.84159313470496
cocoa,3.4981469264616583
colon,4.262784225534199
color,4.476094977800464
comet,5.0991838421501345
comfy,3.89516687214841
comic,3.7654482627850836
comma,3.8133767295574805
conch,3.882953971488007
condo,3.9050390744397836
conic,4.091227719442514
copse,5.097197996592668
coral,5.349398416363138
corer,4.780056857789969
corny,4.907106926167199
couch,3.7798094243988527
cough,4.263557599154676
could,4.7050608883858205
count,4.961057501048146
coupe,4.924990763171158
court,5.17190770164104
coven,4.670048003127342
cover,4.820650404527469
covet,4.82947796366473
covey,4.421333474902473
cower,4.9000059708244095
coyly,3.8832148746942794
crack,4.039597753788232
craft,5.030105680218202
cramp,4.72039023967663
crane,5.7410113201652955
crank,4.832247244445103
crash,5.099438732766668
crass,4.529016639820902
crate,5.835215982633283
crave,5.163205052927666
crawl,4.8573265164439885
craze,4.9382932563998745
crazy,4.306782498357249
creak,5.019342810585988
cream,5.191287487368034
credo,5.055225939710953
creed,4.618090025133783
creek,4.332558987368939
creep,4.561619402773117
creme,4.563957024391644
crepe,4.624167555829891
crept,5.164582326460584
cress,4.493283503036189
crest,5.460207662676906
crick,3.833923220975753
cried,5.291803470194716
crier,4.796513480909408
crime,5.227405874064114
crimp,4.51815835516443
crisp,4.8785658818373046
croak,4.880668895331339
crock,3.8459572019924444
crone,5.511593461135509
crony,4.940477174079177
crook,3.9746839591933254
cross,4.326638235172732
croup,4.738059055187318
crowd,4.4316875585426425
crown,4.597367056367455
crude,5.085411374805901
cruel,5.318053994587365
crumb,4.169409253480545
crump,4.305218858598347
crush,4.711162665961137
crust,5.109628961318276
crypt,4.623529819948404
cubic,3.4867612333852613
cumin,4.38405272024087
curio,4.907033832607152
curly,4.6723388100622945
curry,3.949235514657329
curse,5.335018155882448
curve,4.702417303755403
curvy,4.068546402105452
cutie,5.210754875523308
cyber,4.633689080754067
cycle,4.14977267523275
cynic,3.6769635045171083
daddy,3.0262732581372034
daily,4.924069927825321
dairy,5.024379912798318
daisy,4.901801041014371
dally,4.082264240142708
dance,5.292143185423264
dandy,3.8924096204430434
datum,4.51420621474479
daunt,4.991136390346432
dealt,5.556164141615791
death,5.158971406367807
debar,5.068742317750483
debit,4.810076049156925
debug,4.108254118551898
debut,4.602002984381935
decal,5.110898160075871
decay,4.780392822695838
decor,5.056892500142631
decoy,4.578419772173036
decry,4.727802732469133
defer,4.2076713616307835
deign,4.760342358715845
deity,4.916759641359107
delay,5.01176124113338
delta,5.235866161792471
delve,4.022485126334122
demon,4.6805771161789345
demur,4.725244470363384
denim,4.680434161213729
dense,4.611367821568094
depot,4.903866218122516
depth,4.564202833430174
derby,4.5252687113026155
deter,4.748758641824867
detox,4.263520364409238
deuce,4.366785282923406
devil,4.549763600053392
diary,5.00558878369507
dicey,4.694392725512928
digit,3.8073378895620604
dilly,3.881781738341515
dimly,4.293466359276806
diner,5.2341637479432945
dingo,4.359358401469193
dingy,4.15949338218077
diode,4.402306246905645
dirge,5.029339127470461
dirty,4.785971468301075
disco,4.59588810665893
ditch,4.442592638972233
ditto,4.07633890777286
ditty,3.8667584101057937
diver,4.676724356369425
dizzy,2.7604547647400297
dodge,4.053957832999123
dodgy,3.4375867487501237
dogma,4.234018623750744
doing,4.501819437738686
dolly,3.928352929923166
donor,4.336649186574166
donut,4.794239916687732
dopey,4.638757769708183
doubt,4.441031799341067
dough,4.17585387935277
dowdy,3.210509189154465
dowel,4.72627621984795
downy,4.085175584287831
dowry,4.261298318580751
dozen,4.3242026218447975
draft,4.90257022793335
drain,5.246618001063989
drake,5.135206592809231
drama,4.137234949327002
drank,4.740413620105544
drape,5.357989312855897
drawl,4.74153732290703
drawn,4.690615535939335
dread,4.582476717347928
dream,5.067972225121528
dress,4.384172120109957
dried,4.565189559287926
drier,4.6801638056590384
drift,4.696789412404821
drill,4.389159287592853
drink,4.517453160026917
drive,4.831046980835913
droit,5.246960013024891
droll,4.40717396904498
drone,5.398303867644633
drool,4.398969457389503
droop,4.076371687035917
dross,4.2137851694315565
drove,4.814198999558676
drown,4.486545986233635
druid,4.054702434655317
drunk,4.31642465628686
dryer,4.270842106009761
dryly,3.814748811319285
duchy,3.8510637797700866
dully,3.6864319945158543
dummy,3.1531278136793874
dumpy,3.7177286635860916
dunce,4.86062323600721
dusky,3.8080340416687033
dusty,4.3584097633105205
dutch,4.255485186629898
duvet,4.51275475860444
dwarf,4.178001273343424
dwell,3.841994989205804
dwelt,4.662506449492848
dying,4.110679874773145
eager,4.670977476056879
eagle,4.708231216825717
early,5.317580997012498
earth,5.415427531501216
easel,4.915684484523091
eaten,4.917711951519901
eater,5.05310591775745
ebony,4.4927228228058445
eclat,5.259340353919472
edict,4.87186586989199
edify,4.124447588259444
eerie,4.22089249304067
egret,4.514784004297073
eight,4.614092406823702
eject,3.6023324452889702
eking,4.1886123227988525
elate,5.100843195359934
elbow,4.27743689486602
elder,4.556816187018129
elect,4.563027874979566
elegy,3.995416961806969
elfin,4.686028921400575
elide,4.581069938233071
elite,4.908479928495554
elope,4.533646129096468
elude,4.367597264033198
email,5.104033677183736
embed,3.6308211786390983
ember,3.9746324843271834
emcee,3.501530859048968
empty,4.211131360476782
enact,5.32389340672171
endow,4.258099286092382
enema,4.15808992724229
enemy,3.8189399306092637
enjoy,3.9045343286528498
ennui,3.9460837813035536
ensue,4.397980866745229
enter,4.691814638893202
entry,4.94771544290461
envoy,4.1843001161556135
epoch,4.540426905233433
epoxy,3.7937228071501097
equal,4.285579529849854
equip,3.800201449124108
erase,5.176809206449885
erect,4.729707935373665
erode,4.692799007726093
error,3.9147960021598402
erupt,5.052472208657306
essay,4.116856535622656
ester,4.641452209578479
ether,4.413860246545851
ethic,4.536012856376074
ethos,4.66832614880733
etude,4.287168077249262
evade,4.076121559587237
event,3.959212929479884
every,3.7671592868235293
evict,4.56279785180142
evoke,3.586876915039859
exact,4.545151057294817
exalt,4.75533598149768
excel,3.645769972964249
exert,3.9322385178014025
exile,3.9736986514262447
exist,4.520500248847639
expel,3.53761755679861
extol,4.375274726703295
extra,4.5550062103943985
exult,4.3217686249371825
eying,4.444373664183514
fable,4.86592589533531
facet,5.075191785280717
faint,4.9659135632493925
fairy,4.786967329950507
faith,4.719302003436235
false,5.268453128915505
fancy,4.383591637425774
fanny,3.7508431704023883
farce,5.2582622716551395
fatal,4.174385519103736
fatty,3.8388008248198124
fault,4.833719718971179
fauna,3.8421895631621727
favor,4.4288231742596045
feast,5.2843335747239975
fecal,4.870340416046634
feign,4.515489241446038
fella,4.225486791559669
felon,4.80438726848757
femme,3.128784088955364
femur,4.477198807533765
fence,4.207697619505436
feral,5.190563020103876
ferry,3.985491987697959
fetal,5.091132058267949
fetch,4.42444183300713
fetid,4.643981227410995
fetus,4.570835830259438
fever,3.8536122110277677
fewer,3.937067526539604
fiber,4.653451579700113
ficus,4.097341859140189
field,4.655832411722061
fiend,4.560449726326375
fiery,4.725743510174802
fifth,3.467720158454069
fifty,3.4470520155191813
fight,4.0064511311043045
filer,5.03030528881535
filet,5.091642303756257
filly,3.623710958298524
filmy,4.014470472251243
filth,4.416979650043652
final,4.734803008163244
finch,4.124255026235798
finer,4.975129079916438
first,4.927573377661451
fishy,3.975850416552758
fixer,4.19050072563717
fizzy,2.5060473230811153
fjord,3.6783697836721347
flack,4.202813661150767
flail,4.13332400033968
flair,5.046367650822265
flake,4.737238353535222
flaky,4.106902050629256
flame,4.909516223675029
flank,4.32844317593967
flare,5.373354547971322
flash,4.650083803828633
flask,4.392220364306776
fleck,4.155307797689474
fleet,4.495771306575739
flesh,4.627015892972837
flick,4.00770074711684
flier,5.105467014358199
fling,4.1893575747926155
flint,4.72581098498596
flirt,4.9201675099764115
float,4.977065712517715
flock,4.009434298599807
flood,3.7440144118106518
floor,4.130792898071466
flora,4.875266584307869
floss,3.8428380820738317
flour,4.674213861312432
flout,4.622568034513595
flown,4.066534333877817
fluff,2.558923374610896
fluid,4.2589505766362254
fluke,4.333160806225155
flume,4.4827839694546405
flung,3.9823337147507685
flunk,3.89609637485679
flush,4.2518103988493925
flute,4.89299743823753
flyer,4.708485442522966
foamy,4.288046066408888
focal,4.643474891049896
focus,4.162892290032574
foggy,3.160047665196275
foist,4.871424950143291
folio,3.8878530525887967
folly,3.674520821308386
foray,4.735775956101374
force,5.058197090670466
forge,4.821560017146674
forgo,3.656654947612334
forte,5.227465931068336
forth,4.637916617614723
forty,4.604608008959312
forum,4.2613043786955505
found,4.231873958717437
foyer,4.758207395725839
frail,5.050894968308688
frame,5.062013815526713
frank,4.503111467219344
fraud,4.615867701373517
freak,4.683398211704841
freed,4.259740669619256
freer,3.760599681453573
fresh,4.764893017034012
friar,4.353434060503481
fried,4.919598308449696
frill,4.136570078165495
frisk,4.32841513244169
fritz,4.047449206670752
frock,4.184702818285344
frond,4.579431663449586
front,4.937661496307489
frost,4.967325133730297
froth,4.675020108797692
frown,4.233757147060402
froze,4.338419405808581
fruit,4.802363857185679
fudge,4.170033928344007
fugue,3.564818458453937
fully,3.427510956417853
fungi,3.8395499274693012
funky,3.5713144640934584
funny,3.3215684740753835
furor,3.9905011206288465
furry,3.5879495731429274
fussy,3.386316131231897
fuzzy,2.3043604641411783
gaffe,3.947258990110051
gaily,4.833301535278567
gamer,5.036513371008339
gamma,2.921642929259062
gamut,4.5228769115574154
gassy,3.950380447171211
gaudy,4.292109146938572
gauge,4.2866221938462745
gaunt,4.873633516252515
gauze,4.325402858423991
gavel,4.721834807967427
gawky,3.645058465143092
gayer,5.079610131724705
gayly,3.8312631163262996
gazer,4.542958639233848
gecko,4.172386981948127
geeky,3.5817979012817114
geese,3.828086760814288
genie,4.508502365634048
genre,4.626684566782417
ghost,4.641846458498018
ghoul,4.423641214141116
giant,5.069269616823116
giddy,3.3552957535272587
gipsy,4.225065214156138
girly,4.659924618027729
girth,4.71556326434179
given,4.415616141096081
giver,4.5802578907673155
glade,5.155879615339587
gland,4.766568215618158
glare,5.530269109066343
glass,4.201464122458879
glaze,4.577917570041146
gleam,4.809302706133582
glean,5.110895396657255
glide,4.944599720988461
glint,4.85855166492555
gloat,5.139478921993479
globe,4.776893655823268
gloom,3.7613295713436514
glory,4.725421221699565
gloss,4.00445004081607
glove,4.581743140905438
glyph,3.9239848900299
gnash,4.657432632096822
gnome,4.679314239825747
godly,4.350800592641769
going,3.8698056217090238
golem,4.798161906269503
golly,3.842720257443949
gonad,4.697182335392984
goner,5.164989232186845
goody,3.5965414431083222
gooey,4.156328597439921
goofy,3.3587125745577455
goose,4.477728179421997
gorge,4.440407891685629
gouge,4.112740587159514
gourd,4.5951495233016155
grace,5.414855010608606
grade,5.274356744723237
graft,4.801539927003906
grail,5.200497914802598
grain,5.124147126236939
grand,4.898213634315487
grant,5.242673255586659
grape,5.247309826001405
graph,4.631324341582542
grasp,4.865878354902429
grass,4.311295403883849
grate,5.604721071049499
grave,4.928091564360035
gravy,4.339673762407592
graze,4.700971791209528
great,5.452072779098322
greed,4.4063844376172
green,4.589434540860124
greet,4.771087252375555
grief,4.807464915316099
grill,4.284478999407224
grime,4.995226497066228
grimy,4.385248736559852
grind,4.659482219297916
gripe,5.046980147357446
groan,5.101196787216843
groin,4.942168407217277
groom,3.898305977316628
grope,5.026425442875172
gross,4.110119295907631
group,4.515707825263872
grout,4.93389466089144
grove,4.706420484574237
growl,4.446051827353357
grown,4.357974851767336
gruel,5.094376459810095
gruff,3.325923039983418
grunt,4.810387324049693
guard,4.732374093508511
guava,3.418519466500203
guess,3.9599357276843907
guest,4.93040909799396
guide,4.716934276822929
guild,4.484306846040796
guile,5.0700783074599975
guilt,4.815373209455604
guise,5.016454711258325
gulch,4.168295094263084
gully,3.5955733611560374
gumbo,3.7049116280158314
gummy,3.059102661918884
guppy,3.1084339225888784
gusto,4.523491260687892
gusty,4.281243224785284
gypsy,3.206049976261097
habit,4.759708910454545
hairy,4.983164757013351
halve,4.81886874836181
handy,4.447880420478922
happy,3.5759729969257514
hardy,4.649032941659516
harem,5.1321429642911545
harpy,4.618592444664197
harry,4.193926289785632
harsh,4.390536731816849
haste,5.397508067929169
hasty,4.726087527065588
hatch,4.029943094951262
hater,5.486107120439381
haunt,4.954335644053738
haute,5.278798676104681
haven,4.690324345476981
havoc,4.201191052664539
hazel,4.543328973262822
heady,4.73780514593487
heard,5.252432576997799
heart,5.612255574516925
heath,4.526040225204152
heave,4.21692400493112
heavy,4.408547601706748
hedge,3.975871453909239
hefty,4.265644830678997
heist,5.296131550132678
helix,4.238102824253047
hello,4.298821130093317
hence,4.39323908359079
heron,5.170367548900956
hilly,3.8438929812589766
hinge,4.761239313826363
hippo,3.5778219843133994
hippy,3.3711882609971124
hitch,3.811815692769896
hoard,5.038622038745283
hobby,3.2785062351743877
hoist,5.077247651106815
holly,3.8866050025262466
homer,4.932217830089236
honey,4.839492329773342
honor,4.301455726864549
horde,5.124683392704441
horny,4.743293286051098
horse,5.422079565531042
hotel,5.266941799498854
hotly,4.67147859774365
hound,4.457060600818344
house,5.099504549481003
hovel,4.617311363014769
hover,4.675882852847593
howdy,3.775766631949044
human,4.382341632412203
humid,4.0618824354435725
humor,4.521240194484209
humph,3.1003659099396836
humus,3.2961590227573305
hunch,3.5608722918674616
hunky,3.7869013377455722
hurry,3.789240192117319
husky,3.7931309592796234
hussy,3.6042265971534375
hutch,3.6301360272761545
hydro,4.325482530815185
hyena,4.731775147114789
hymen,4.348412100019491
hyper,4.580463588934749
icily,3.786933624645018
icing,3.4964448851832852
ideal,5.0177817964533835
idiom,3.53027459140004
idiot,4.030401508649055
idler,5.057742471545853
idyll,3.6454864680730683
igloo,3.733680479173797
iliac,4.19498146475831
image,4.823458456421818
imbue,4.320314868952466
impel,4.644168604743757
imply,4.0423523867306095
inane,4.704411675099924
inbox,3.586148897584356
incur,4.6479961646870835
index,4.06741339293326
inept,4.881241606725083
inert,5.339379039559705
infer,4.770807841642568
ingot,4.598903715225825
inlay,4.77500791297756
inlet,5.322781479078945
inner,4.512727555317656
input,4.456490422338437
inter,5.305467880485702
intro,4.964773944801763
ionic,3.9767634210639056
irate,5.8327988809409055
irony,4.937719007358795
islet,5.305513111978623
issue,4.156635453128593
itchy,4.127125491700652
ivory,4.290861790717265
jaunt,4.338740142067
jazzy,2.3087916760795664
jelly,3.422517558445729
jerky,3.7717341025424234
jetty,3.4152838735778963
jewel,3.4765069816335115
jiffy,2.5072629860746565
joint,4.404332053028199
joist,4.481520872356425
joker,4.110160220146294
jolly,3.2736160755342976
joust,4.258190319358527
judge,3.7686421693446093
juice,4.333840116690523
juicy,3.686080207616289
jumbo,3.143050021665479
jumpy,3.058014443788169
junta,4.058748538380428
junto,3.964517104336902
juror,3.5840265670167595
kappa,2.770934155060199
karma,3.7850908852935325
kayak,2.8637482757613593
kebab,3.640626389566882
khaki,3.4561933060626977
kinky,3.2941480304885795
kiosk,3.7557089843716556
kitty,3.5716322958805944
knack,3.5957620237964774
knave,4.432629026152323
knead,4.567323325133705
kneed,3.912929159511342
kneel,4.218022044831854
knelt,4.774335719918657
knife,4.346939327384562
knock,3.416784353041505
knoll,3.8228461596827055
known,3.1267398546615928
koala,4.105772346485042
krill,4.072377197751152
label,4.474292503425929
labor,5.071936220395835
laden,5.3148553261964
ladle,4.726049022041787
lager,5.336683560265134
lance,5.517859349784819
lanky,4.460416555404237
lapel,4.577074046420565
lapse,5.430417867523897
large,5.4446806740475875
larva,4.026931693021355
lasso,4.464505758228448
latch,4.890983493144793
later,5.707287214774777
lathe,5.396170711055798
latte,4.97166048523075
laugh,4.558987546415259
layer,5.361032881888455
leach,5.176161055494278
leafy,4.805725245616867
leaky,4.763763761759911
leant,5.683771188478658
leapt,5.417108401326201
learn,5.6520712086857685
lease,5.152465047726566
leash,5.359286242106588
least,5.751562008954046
leave,4.491941999886002
ledge,4.245201623873898
leech,4.334833872454836
leery,4.582384549130207
lefty,4.545565240294117
legal,4.4035089082178285
leggy,3.792443147670473
lemon,4.903975085562449
lemur,4.907740541803942
leper,4.614627126737439
level,3.481251351845272
lever,4.28883716483633
libel,4.2963593068778545
liege,4.539604731370298
light,4.474975770807639
liken,4.819648486920742
lilac,4.2250024587301285
limbo,4.216790354793332
limit,4.055819093258716
linen,4.589670205389651
liner,5.4018099335684875
lingo,4.577223810309099
lipid,3.7556993329716946
lithe,5.174631936858396
liver,4.86546728900629
livid,3.45150805250502
llama,3.398106607170885
loamy,4.767835547011721
loath,5.1749823350129445
lobby,3.549245649587716
local,4.346636662111468
locus,4.635088849355889
lodge,4.879420507015756
lofty,4.391301532609195
logic,4.52083835975261
login,4.725606821067436
loopy,3.881656946718217
loose,4.825029751959642
lorry,4.2826720323887875
loser,5.465312696390799
louse,5.3562826280082785
lousy,4.762637030241942
lover,4.895145780382105
lower,4.96189793436009
lowly,3.604385921434716
loyal,4.257355930005287
lucid,4.482748453428985
lucky,3.8930608300731286
lumen,4.806717205000791
lumpy,3.9506951628462614
lunar,5.144713276981637
lunch,4.423313893673364
lunge,4.841107260728208
lupus,3.614559186444151
lurch,4.608028595363873
lurid,4.814795530884646
lusty,4.603303302789251
lying,4.345060895954517
lymph,3.7928844014706304
lyric,4.608957776384934
macaw,3.5058766322913963
macho,4.368219467055059
macro,4.87200080954431
madam,3.090072669803242
madly,4.480972296186378
mafia,3.6581977615389896
magic,4.342386187598627
magma,2.9180281364870533
maize,4.54921965810053
major,4.2975962381944655
maker,4.8285040639139
mambo,3.5573800427627607
mamma,2.3338706201143467
mammy,2.897171291727462
manga,3.751561610148367
mange,4.921482040344742
mango,4.476041290332318
mangy,4.29696796959564
mania,4.136260189647159
manic,4.652057505924717
manly,4.691997341605016
manor,5.113363791536631
maple,5.10399154096519
march,4.740305124904183
marry,4.145826973883435
marsh,4.927078657261318
mason,4.878242827183598
masse,4.597794103862342
match,4.576677981178359
matey,5.020343066608397
mauve,4.533279647681576
maxim,3.20606643862845
maybe,4.584297532235363
mayor,4.8852601315433155
mealy,5.031668097685887
meant,5.364453560084479
meaty,5.015237478452953
mecca,4.085164355593699
medal,4.966702363346715
media,4.7803891118011625
medic,4.4747860013771295
melee,3.8679734127072924
melon,4.947480456688695
mercy,4.7339092077883596
merge,4.342439672934141
merit,5.310415747791618
merry,4.139764933331151
metal,5.244663392254325
meter,4.656561855858032
metro,5.130042340133224
micro,4.669520692514599
midge,4.509741704088943
midst,4.6278681919337155
might,4.163090087748265
milky,3.993871797593016
mimic,2.8036650398465617
mince,4.935197080052908
miner,5.126620276556251
minim,2.98899547253444
minor,4.900736597359247
minty,4.469770027734967
minus,4.398193304249126
mirth,4.731095627287813
miser,5.170524589787062
missy,3.7478051943440818
mocha,4.314641735507156
modal,4.740732512311302
model,4.92066266816414
modem,3.966565614976484
mogul,4.322941345871302
moist,5.0254821777434415
molar,5.156727159521458
moldy,4.283335673237349
money,4.782531249121082
month,4.561023039781315
moody,3.5865503037939326
moose,4.498798677046751
moral,5.1280061432860045
moron,4.174417348898517
morph,4.419984139787629
mossy,3.784969872316312
motel,5.202262491514395
motif,4.343371350593814
motor,4.314714713612872
motto,3.28036283492642
moult,4.830653265101345
mound,4.380258936459639
mount,4.737566464384304
mourn,4.764743543939578
mouse,5.030691652217269
mouth,4.476206424536899
mover,4.603442182515161
movie,4.54889949030052
mower,4.6778672493253
mucky,3.556175578441222
mucus,3.378117217565525
muddy,3.159414553400052
mulch,4.181805391839184
mummy,2.4801920412472844
munch,4.098533522282218
mural,4.8900511857015205
murky,3.9329040125840913
mushy,3.939599977844699
music,4.28347251576659
musky,3.7294619533923155
musty,4.286938285667945
myrrh,3.5777448215027463
nadir,5.111662926468373
naive,4.974875874950635
nanny,3.3121464671223144
nasal,4.452761968802346
nasty,4.892383439632841
natal,4.515504566474542
naval,3.882902372107312
navel,4.898775824968075
needy,4.03968993345066
neigh,4.650539410599781
nerdy,4.76094650500477
nerve,4.247252413294552
never,4.190090818712089
newer,4.2699362821910425
newly,4.386457611883749
nicer,5.182719323531341
niche,4.788736972087035
niece,4.636586881601542
night,4.333130547380076
ninja,3.3050966515035265
ninny,3.075805749346362
ninth,3.9556040916426256
noble,5.012317603592615
nobly,4.378933000892913
noise,5.437553542587054
noisy,4.840199223524926
nomad,4.5791854894957815
noose,4.685526089135713
north,4.960733912495958
nosey,4.976310716105599
notch,4.602060557727099
novel,4.741269091619896
nudge,4.5005640484769875
nurse,5.314949027502966
nutty,3.7617625093199627
nylon,3.838689518123432
nymph,3.6527648889134743
oaken,4.877583094975888
obese,4.315349955076323
occur,3.905987248791201
ocean,5.033648869881683
octal,4.964969594216953
octet,4.429720822675719
odder,4.213613554346938
oddly,3.5757000887685124
offal,3.673079281127527
offer,3.9163361140001802
often,4.731368274080044
olden,5.058772591367002
older,5.176441355774199
olive,4.803758457973273
ombre,4.700465548294774
omega,4.477375214704216
onion,3.4074114235590076
onset,5.296696142225694
opera,5.0751325044678675
opine,5.019594145123624
opium,4.150736146151552
optic,4.450855390030463
orbit,4.956159079377021
order,4.482957400742219
organ,4.962104253539964
other,5.0475987824869
otter,4.62727744290079
ought,4.25241588461599
ounce,5.010797441323464
outdo,3.7497178621852005
outer,5.283972373822803
outgo,3.6543522882034676
ovary,4.483580295886095
ovate,4.960758302671986
overt,4.807919924949185
ovine,4.665940172114215
ovoid,3.4582252377160434
owing,4.024709663701379
owner,4.806473975081996
oxide,4.227207724172723
ozone,3.7598819969385433
paddy,3.653585654162139
pagan,3.9447072026673387
paint,5.185385759679862
paler,5.465493640171359
palsy,4.829793797355208
panel,5.365459011308029
panic,4.745657398302937
pansy,4.772341015480971
papal,3.497848350845029
paper,4.6013103597036675
parer,4.8166206796855775
parka,3.921755679690217
parry,4.23128258427125
parse,5.630156106670124
party,5.004062807175244
pasta,4.249019338828675
paste,5.423384514537075
pasty,4.76000359909562
patch,4.665320389665452
patio,4.966420388585408
patsy,4.835734941215098
patty,4.067339374336791
pause,5.284753372774712
payee,4.577978081581574
payer,5.167078272893781
peace,4.744974319748432
peach,4.933110744054944
pearl,5.52619418469145
pecan,5.036706013394592
pedal,5.04846906554369
penal,5.258589943730717
pence,4.428091394206262
penne,3.79082328450556
penny,3.9532412480630623
perch,4.81923959846337
peril,5.279773606186745
perky,4.416673746354354
pesky,4.188752992923575
pesto,5.010491060313432
petal,5.324753213230226
petty,4.051694174258223
phase,5.191584392307604
phone,4.959277513359458
phony,4.378984013645343
photo,3.894076859783481
piano,4.935242747843436
picky,3.8340570016383806
piece,4.535388025600015
piety,4.831072836540543
piggy,3.3282395575794883
pilot,4.9942835672212595
pinch,4.35749571146176
piney,4.841057045147218
pinky,3.9884318317578193
pinto,4.7523910776363785
piper,4.4075486671439545
pique,4.103170556943232
pitch,4.439592528738141
pithy,4.289260084154008
pivot,4.372183712788876
pixel,4.379305558118458
pixie,3.579351448163796
pizza,3.037742445187082
place,5.379099703719445
plaid,4.896979724288234
plain,5.0714170233315965
plait,5.253211897260573
plane,5.469476544808339
plank,4.570232120138598
plant,5.181169874574695
plate,5.549894639384544
plaza,3.466843772347495
plead,5.015535372881668
pleat,5.366593937023636
plied,5.048917433962658
plier,5.3599256603888445
pluck,4.037584460125811
plumb,3.852234319014497
plume,4.716733894921995
plump,3.424199270280833
plunk,4.140146777922511
plush,4.483419477228418
poesy,4.851009313420324
point,5.018935491889249
poise,5.314726153781055
poker,4.75032183651671
polar,5.235743224949376
polka,4.441121601880322
polyp,3.6664879031715367
pooch,3.7865205749640913
poppy,2.8098705702542066
porch,4.643129831665685
poser,5.257489871003646
posit,4.974149875885111
posse,4.47413937079657
pouch,4.3316818370020975
pound,4.460323912504556
pouty,4.517162807916188
power,4.761780548050718
prank,4.720738423079455
prawn,4.653049532836152
preen,4.686269395379758
press,4.370405112007385
price,5.3173828786272095
prick,4.396551069956543
pride,5.1652827822891645
pried,5.164418376468026
prime,5.081368380710867
primo,4.641273747382491
print,5.1254479968484095
prior,4.421871634441494
prism,4.680890679352284
privy,4.221207825562728
prize,4.598040613786281
probe,4.990472820627306
prone,5.374787568967702
prong,4.611432865025957
proof,3.833584984116915
prose,5.389757152439056
proud,4.672024207658924
prove,4.796772987438724
prowl,4.528054693226036
proxy,3.982923417598913
prude,4.956520623999312
prune,5.168965640776694
psalm,4.564246542531954
pubic,3.9943057362058485
pudgy,3.7622821417386607
puffy,2.9386482028139485
pulpy,3.5044524724749024
pulse,5.0822129306749355
punch,4.180129716874487
pupil,3.865594281475219
puppy,2.560618253846596
puree,4.7012525292003255
purer,4.437309323273213
purge,4.826169798166857
purse,5.19838333194863
pushy,4.006550973030944
putty,3.651157057458995
pygmy,2.8346854461576525
quack,3.552367977625846
quail,4.247316218000759
quake,4.046401513271368
qualm,3.9139357954916303
quark,3.8830745419801356
quart,4.512855472931096
quash,4.030473228339998
quasi,4.06741915046641
queen,3.702385601752
queer,3.8523609851810456
quell,3.5647853927896715
query,4.082769684683695
quest,4.366142737651508
queue,2.916829285728248
quick,3.3862475750680887
quiet,4.530254674525776
quill,3.4004257724788336
quilt,4.239918614347773
quirk,3.718398349295799
quite,4.476642736252301
quota,4.148352188353152
quote,4.459440863901189
quoth,3.903383087306802
rabbi,3.9297733829131873
rabid,4.7930415100482096
racer,4.790449428810826
radar,3.799101403853568
radii,4.255578947786197
radio,5.054418908754688
rainy,5.167820628207395
raise,5.878302956493169
rajah,3.6166731364660216
rally,4.392220204257139
ralph,4.86532529400582
ramen,5.29707691892041
ranch,4.971271617219494
randy,4.834883755961786
range,5.366515592567699
rapid,4.887023111618574
rarer,4.226025732227269
raspy,4.794060668241055
ratio,5.3513552443106835
ratty,4.444268810101094
raven,5.043239811933581
rayon,5.085477199824468
razor,3.91591562838032
reach,5.292867611872597
react,5.696507075549459
ready,5.1401681886513435
realm,5.3721788480863255
rearm,4.645433928132556
rebar,4.558058961307842
rebel,4.5532134871513845
rebus,4.714379920815323
rebut,4.953132290006275
recap,5.1276582772362485
recur,4.359545490220551
recut,5.1483181578351305
reedy,4.285108038382586
refer,3.6813382860321977
refit,5.059878290659237
regal,5.260572229431374
rehab,4.830153379454784
reign,5.089870551158824
relax,4.751602384218066
relay,5.304386077287883
relic,5.163127768714442
remit,5.215448969343163
renal,5.5528794995567425
renew,4.354409558359623
repay,5.0484376823518184
repel,4.64571606461068
reply,4.838178884760254
rerun,4.50255804135988
reset,5.0206350753480455
resin,5.342352966321436
retch,5.026645837224242
retro,4.710185746439282
retry,4.455547568220003
reuse,4.876102657241346
revel,4.322236886279053
revue,4.147672472661851
rhino,4.883069583211935
rhyme,4.602393858800776
rider,4.529400334388755
ridge,4.953315063862506
rifle,5.092986016385746
right,4.614890792621111
rigid,3.822383287684876
rigor,4.208077897348504
rinse,5.546185296262675
ripen,5.164363392588256
riper,4.489452965026714
risen,5.4146037459352065
riser,4.750525478378636
risky,4.356975337492609
rival,4.745085791406034
river,4.160750080767336
rivet,5.028149229249046
roach,5.09448359562383
roast,5.648431350783485
robin,4.805120713716076
robot,4.264130915645585
rocky,4.246985062446905
rodeo,4.503452713929699
roger,4.458796812422356
rogue,5.055966657901746
roomy,3.960682704796761
roost,4.719355327396719
rotor,3.9003850862928253
rouge,5.095327872701678
rough,4.539062171419576
round,4.837188076964272
rouse,5.4738607499449135
route,5.500778240784804
rover,4.184734358937613
rowdy,4.178187052013138
rower,4.261713054464307
royal,5.121777024676076
ruddy,3.6179641954463766
ruder,4.340789755788337
rugby,3.966883996000495
ruler,4.580494010596461
rumba,4.261032315901869
rumor,4.033273650086191
rupee,4.604334017156914
rural,4.49635143194875
rusty,4.725316954234514
sadly,4.882336731436013
safer,5.292102243649776
saint,5.509538811054162
salad,4.431849502385271
sally,4.388406805675406
salon,5.332514289752448
salsa,3.7948322623247592
salty,5.161051573796802
salve,5.15013146277984
salvo,4.698713844176927
sandy,4.78579865928335
saner,5.733998546845606
sappy,3.929979244842353
sassy,3.381570850019342
satin,5.367209639208003
satyr,5.246280240550204
sauce,5.450699755993677
saucy,4.822210738762162
sauna,4.398010335784524
saute,5.622136469693716
savor,4.969629430395362
savoy,4.521473645744339
savvy,3.583894839237974
scald,4.908793326309081
scale,5.563910699552493
scalp,4.8588422573737
scaly,4.917250719447682
scamp,4.4331350199441255
scant,5.211768879113218
scare,5.628408586744338
scarf,4.722927948194978
scary,4.9908894444191
scene,4.619057420127114
scent,5.153527491671278
scion,4.901977285667653
scoff,3.472170268627357
scold,4.720074437583679
scone,5.252030761335388
scoop,3.8956635831954824
scope,4.981643001541843
score,5.4301381313057115
scorn,5.016075832911027
scour,4.949814942961795
scout,4.862409950570061
scowl,4.432443041716166
scram,4.8404460442069785
scrap,4.906106222576579
scree,4.9134545688761735
screw,4.800174944677474
scrub,4.350169790425381
scrum,4.45631016163045
scuba,4.313246471588275
sedan,5.28565189655059
seedy,4.234635868887581
segue,4.372432478910877
seize,4.166291377631687
semen,4.505708774429269
sense,4.092700811127206
sepia,5.152826047913557
serif,5.064645600968632
serum,4.983712546601358
serve,4.45945068396269
setup,4.926056547272825
seven,4.243236804344816
sever,4.393904597035183
sewer,4.485101138047719
shack,4.3879694639813565
shade,5.207998774538806
shady,4.594403071630101
shaft,4.710623642809514
shake,4.959685780463942
shaky,4.354230106127752
shale,5.534500704764712
shall,4.449729743630815
shalt,5.270149258696772
shame,5.134955085487859
shank,4.581742009461438
shape,5.185133915664415
shard,4.992197737090697
share,5.605482704800804
shark,4.741955504007145
sharp,4.932419643524637
shave,4.863771681298028
shawl,4.614945164501266
shear,5.455430856465422
sheen,4.585563635253048
sheep,4.310851463416322
sheer,4.723956429992917
sheet,4.716719581084083
sheik,4.597724931614632
shelf,4.609071737877143
shell,4.430858393999684
shied,5.033982270631624
shift,4.516517841754328
shine,5.272087032401768
shiny,4.652881147934291
shire,5.446799769446683
shirk,4.544041422788605
shirt,5.171476669397435
shoal,5.1294065272450835
shock,4.199978681833908
shone,5.257051780120201
shook,3.714011292099348
shoot,4.325504286097526
shore,5.420950425998682
shorn,5.017397926388826
short,5.183383501067847
shout,4.851173829442079
shove,4.655537538465791
shown,4.333979228632658
showy,4.147982158676557
shrew,4.803241174523269
shrub,4.353761153655714
shrug,4.447684398748187
shuck,3.9991496657513412
shunt,4.775298089139916
shush,3.030344288284
shyly,3.688742675536711
siege,4.594324993139144
sieve,4.322678634021516
sight,4.551738020332286
sigma,4.482555816561126
silky,4.399553959743355
silly,4.188612814843944
since,5.340502960213792
sinew,4.900274071009895
singe,5.096638995673317
siren,5.583845673538042
sissy,3.1730023112876014
sixth,4.109500669651311
sixty,4.095210511988156
skate,5.229919084888966
skier,5.072251446441522
skiff,3.147553174336447
skill,3.9532440372221735
skimp,3.92212447657642
skirt,4.870751060357073
skulk,3.5567306506786496
skull,3.739780673745667
skunk,3.44972839285389
slack,4.746895291063414
slain,5.3820284011307695
slang,4.95764187543456
slant,5.492894363021005
slash,4.378145564443708
slate,5.855819244109515
sleek,4.415841130126574
sleep,4.640798060242587
sleet,5.044706863903211
slept,5.203281664827202
slice,5.511094657018497
slick,4.56131654979996
slide,5.347685761739005
slime,5.274969761374421
slimy,4.655940403524537
sling,4.742690016986586
slink,4.659687832719091
sloop,4.212761083338838
slope,5.289572265048202
slosh,4.187526497329062
sloth,5.040517492851524
slump,4.342084491253399
slung,4.530837111194526
slunk,4.454189351260242
slurp,4.811700106580961
slush,3.9733580675096465
slyly,3.2251023225310957
smack,4.300896612805896
small,4.3074151912395795
smart,5.243258522683215
smash,3.9363801583609686
smear,5.316396863706966
smell,4.2926568979098105
smelt,5.104820939779227
smile,5.230827560903166
smirk,4.417878520990906
smite,5.22903205836331
smith,4.618877053177369
smock,4.103704715742038
smoke,4.61215488615788
smoky,4.018366037667174
smote,5.189314862675653
snack,4.584797526141009
snail,5.335182890284401
snake,5.133075125746666
snaky,4.516532869699473
snare,5.768678157325961
snarl,5.38280452254446
sneak,4.903240747541955
sneer,4.866451877231969
snide,5.189179098741282
sniff,3.6328404655865976
snipe,5.1770138226854705
snoop,4.062594236292954
snore,5.577479792805564
snort,5.347268488147342
snout,5.02498936166572
snowy,4.316280463493689
snuck,4.182213117213617
snuff,3.408521096608196
soapy,4.875621098133494
sober,5.209851967048012
soggy,3.713037807481561
solar,5.53694504592828
solid,4.997202427240161
solve,4.96015547375409
sonar,5.516082371885893
sonic,4.907011036079033
sooth,4.323930217160909
sooty,4.296881127382618
sorry,4.359020655569227
sound,4.7593154834762315
south,4.864546684333605
sower,5.07452024816466
space,5.298102065057973
spade,5.146444754648556
spank,4.505702699493201
spare,5.549571447797366
spark,4.67174378989545
spasm,3.8551341628672313
spawn,4.441056043147128
speak,4.6707703113442145
spear,5.381130000093251
speck,4.3149641975430715
speed,4.270347991715851
spell,4.358329142118059
spelt,5.171690626885513
spend,4.719003183404455
spent,5.084718619839483
sperm,4.768414481765489
spice,5.119856437946153
spicy,4.47896061254941
spied,4.955775458667143
spiel,5.270483227738668
spike,4.716983527614663
spiky,4.07647994538612
spill,4.194863070608005
spilt,5.017126457897292
spine,5.192206679911031
spiny,4.56843724836848
spire,5.371719517051856
spite,5.301199133583708
splat,5.0847548256026
split,4.942430798031845
spoil,4.931935421076833
spoke,4.672847124896201
spoof,3.587242166426827
spook,3.6269074922123816
spool,4.191154921827182
spoon,4.0777300468599345
spore,5.3384145065084105
sport,5.117631755274361
spout,4.78184185025128
spray,4.884193282325502
spree,4.833152036379323
sprig,4.589021739531565
spunk,4.085422318302703
spurn,4.704432235089988
spurt,4.88601471429201
squad,3.9595536274840066
squat,4.343009940387969
squib,3.589559503101692
stack,4.628156761853761
staff,3.8557875981232783
stage,5.3267129206707144
staid,5.070872254842304
stain,5.276000437113529
stair,5.5173205649518735
stake,5.159314660274016
stale,5.738263819559774
stalk,4.855892305945488
stall,4.640227803086802
stamp,4.624799633181196
stand,5.03158271929166
stank,4.772193335618684
stare,5.806888622249769
stark,4.938298003077445
start,4.7597346548687245
stash,4.242416174871421
state,4.95542415244449
stave,5.064439572438218
stead,5.197394332130204
steak,4.935593328767631
steal,5.48091073739098
steam,5.091717797614736
steed,4.532951186294525
steel,4.848949314226172
steep,4.492422298869102
steer,4.908495246983375
stein,5.278120454911599
stern,5.357984078678919
stick,4.432008196103038
stiff,3.666197119910712
still,4.455614672802479
stilt,4.486554832011066
sting,4.629378057783523
stink,4.5545647873003015
stint,4.3868384473582855
stock,4.43171814050868
stoic,4.8781427411850045
stoke,4.937691762939527
stole,5.520214920281404
stomp,4.427357992173377
stone,5.437915024013526
stony,4.864654869416377
stood,4.152515880757913
stool,4.457312945144375
stoop,4.0911132665152214
store,5.610713777559601
stork,4.758858837605529
storm,4.894279761853249
story,5.020038224561994
stout,4.248758638476421
stove,4.838177397094422
strap,5.1013052111009545
straw,4.8556149733957295
stray,5.153169383921087
strip,4.949301593697798
strut,4.339402221383084
stuck,4.225212516742945
study,4.363696186598281
stuff,3.4457273869417575
stump,4.211507850554468
stung,4.412787515254212
stunk,4.348426158164356
stunt,4.168137342515042
style,5.122671045171232
suave,4.922306509704666
sugar,4.984284830409584
suing,4.544697040607112
suite,5.4613382539027135
sulky,4.196609710639429
sully,3.987321167098357
sumac,4.548881165980807
sunny,3.88419046026101
super,5.121018667020175
surer,4.750300375276225
surge,5.127283089904946
surly,4.850228168388308
sushi,3.6755795565093776
swami,4.3218212659472846
swamp,4.141645614818843
swarm,4.581816234860019
swash,3.7882701800462435
swath,4.635042707184619
swear,5.16845666297002
sweat,5.093927269082772
sweep,4.013882493867296
sweet,4.432216105655743
swell,4.1469483700880785
swept,4.596370340052193
swift,4.249085320068134
swill,3.980487429726092
swine,4.9839644284848355
swing,4.1564787138446535
swirl,4.786911695743911
swish,3.595345897149277
swoon,3.8703053128789784
swoop,3.6136252867412813
sword,4.536148574782719
swore,5.133158717380433
sworn,4.7172541000984936
swung,3.932143724971879
synod,4.548809888625233
syrup,4.4781334010644835
tabby,3.7925521612634747
table,5.42474454962411
taboo,4.162385042023206
tacit,4.506912236428518
tacky,4.365148131746913
taffy,3.6843517495528344
taint,4.721410782295699
taken,5.085714597156221
taker,5.247528400101284
tally,4.38495479499933
talon,5.335676270362987
tamer,5.443269730191804
tango,4.886162524212566
tangy,4.702846563689152
taper,5.510731078664035
tapir,5.290559548162503
tardy,5.00034459392871
tarot,4.885076929895413
taste,4.96999004005196
tasty,4.304453534794289
tatty,3.5365491772688666
taunt,4.495654260115626
tawny,4.565698514014259
teach,5.254431845682402
teary,5.535467398635831
tease,5.207960591944718
teddy,3.9524491342286407
teeth,3.8460812088302587
tempo,4.651487048004301
tenet,4.209153652661245
tenor,5.512274265687142
tense,4.9074198558797555
tenth,4.365143888381066
tepee,3.9306575411782947
tepid,4.86020108569562
terra,4.933854230902895
terse,5.114825600477848
testy,4.298022696878426
thank,4.593539079038629
theft,3.874182550881716
their,5.329055629077321
theme,4.297162522955249
there,4.810481042224233
these,4.652720670029143
theta,4.451235346261918
thick,4.2121043332093775
thief,4.780796728509665
thigh,3.7061828184937977
thing,4.444319490451284
think,4.37842520902108
third,4.846992792336932
thong,4.496423165297192
thorn,5.0476350015159
those,5.292455795071534
three,4.904324754279168
threw,4.80265739263416
throb,4.618520672699421
throw,4.504650021253524
thrum,4.457147733418442
thumb,3.882187798336464
thump,4.0266728961405365
thyme,4.551927194084862
tiara,4.783864932209856
tibia,4.024644327341873
tidal,5.082976343939938
tiger,5.241763246781526
tight,3.7506393467496526
tilde,5.275795285260069
timer,5.250122062095972
timid,3.7673689074351215
tipsy,4.630583811466844
titan,4.544914963974241
tithe,4.477419146132392
title,4.871993710880622
toast,4.77281608865925
today,4.865685085727692
toddy,3.816219621978784
token,4.905765603880232
tonal,5.348306598645534
tonga,4.844801012318453
tonic,4.915772538376147
tooth,3.568063107257188
topaz,4.20407789401152
topic,4.660149242233318
torch,4.95688556238393
torso,4.591886673573526
torus,5.073220496943436
total,4.659259466481642
totem,4.427366819170845
touch,4.646619907070375
tough,4.466274239690043
towel,5.0216769932026395
tower,5.077442780716043
toxic,4.101117981463155
toxin,4.316928055508137
trace,5.830429108079756
track,4.9188544859906544
tract,4.777415700183655
trade,5.68392122181849
trail,5.593026690437364
train,5.552929846847906
trait,4.931685409962057
tramp,4.911393154508264
trash,5.317499986055723
trawl,5.028675580506098
tread,5.492115187959259
treat,5.056679275737653
trend,5.26006539153916
triad,5.333485977297272
trial,5.5380169354372155
tribe,5.343809559998218
trice,5.634291214967141
trick,4.716631127432231
tried,5.481492792992092
tripe,5.460259278266673
trite,5.0426626809773705
troll,4.693100002317889
troop,4.380370318276619
trope,5.4292825185288764
trout,4.536327965815321
trove,5.114740277249379
truce,5.417394025205948
truck,4.506972505291678
truer,4.772678338492031
truly,4.916076995661512
trump,4.484989037495947
trunk,4.606616173341203
truss,4.307309869700227
trust,4.487360339212218
truth,4.209823418571427
tryst,4.308586821127947
tubal,4.764582499695462
tuber,5.024327210517809
tulip,4.712617380277944
tulle,4.649875960833805
tumor,4.8370419299682395
tunic,4.675046517698831
turbo,4.646173514583044
tutor,4.458021221298843
twang,4.3885681741340825
tweak,4.463912722075108
tweed,4.0777872044032755
tweet,3.633836758071044
twice,4.900375546528514
twine,4.98579542639348
twirl,4.798009270796303
twist,3.961894254842796
twixt,3.0890186909613595
tying,4.409884115813939
udder,4.0596715538587125
ulcer,5.081959027959213
ultra,5.064606590121936
umbra,4.196499153264162
uncle,4.914237070908499
uncut,3.751367739006664
under,4.860277613842719
undid,3.61380084496726
undue,3.9647803287242303
unfed,4.278714901022683
unfit,4.310674682042415
unify,4.01564275570092
union,3.9774772296313543
unite,5.167526291892285
unity,4.566550022436757
unlit,4.83850068869557
unmet,4.785749686617299
unset,5.116421787502512
untie,5.103258665983976
until,4.79084982896256
unwed,4.23747608951196
unzip,3.543866856956045
upper,4.066276790885667
upset,4.905000410930273
urban,4.73471191424904
urine,5.3535896744305935
usage,4.878267512734385
usher,4.755303001445103
using,4.226147967151971
usual,4.04812019405786
usurp,3.6887123195552887
utile,5.278015991632348
utter,4.476878266098416
vague,4.492782416931561
valet,5.152504038346795
valid,4.4834802965943235
valor,4.8893843123183744
value,4.876720389307499
valve,4.160127593958239
vapid,4.1568105886777795
vapor,4.610025606610917
vault,4.7070991604375765
vaunt,4.621037776503919
vegan,4.502510903495472
venom,4.300339775608488
venue,4.014472042817222
verge,4.0546217066050785
verse,4.44444982887368
verso,4.853905409520955
verve,3.4614550398233046
vicar,4.6576607123580125
video,4.460157390728375
vigil,3.3904750227658567
vigor,4.346825411266898
villa,3.8169803113062555
vinyl,4.124196238904959
viola,4.605252448191463
viper,4.614494646076011
viral,4.802924307650497
virus,4.3376269418703615
visit,3.7758494229820596
visor,4.652705196436467
vista,4.5326666597986005
vital,4.695652190410626
vivid,2.5080368026592574
vixen,3.907455018640591
vocal,4.529568290306871
vodka,3.8175253944954086
vogue,4.32796627271416
voice,4.805341807588725
voila,4.649917292146641
vomit,4.309301960844088
voter,4.972920377683255
vouch,3.98623971729259
vowel,4.345838408466906
vying,3.7461891159268794
wacky,3.7838387095641965
wafer,4.716749347450375
wager,4.8728829382792895
wagon,4.387898374211346
waist,5.012559639586334
waive,4.5955812166023575
waltz,3.9919251427330766
warty,4.75018901889265
waste,5.173989986951043
watch,4.404138094837982
water,5.258734703802274
waver,4.602657943978464
waxen,4.20352089033799
weary,4.975199481422974
weave,3.984056043516852
wedge,3.7357848189690985
weedy,3.675542300390357
weigh,4.2947562816068015
weird,4.830789103824476
welch,4.4086001762455185
welsh,4.604575020369269
whack,3.830372303210019
whale,4.974500988793238
wharf,4.193083737744268
wheat,4.815340090325428
wheel,4.088386874392485
whelp,4.259464500489802
where,4.243259554488914
which,3.3079333238386646
whiff,2.898556597977641
while,4.790649125919071
whine,4.692932029764676
whiny,4.0764004691700375
whirl,4.506402909836797
whisk,3.860914573169014
white,4.774364168025365
whole,4.767288712178782
whoop,3.3384638965089244
whose,4.740475040154571
widen,4.5976955605862235
wider,4.763114658767
widow,3.3762566615267726
width,4.107829390398195
wield,4.638348203523269
wight,3.9776362505193217
willy,3.605531426793234
wimpy,3.6503330987769127
wince,4.757735568433935
winch,4.097861968100198
windy,3.977356832138152
wiser,4.981850957738592
wispy,3.962398177131969
witch,4.17354580284343
witty,3.6024230328982423
woken,4.316436895018251
woman,4.366492877232123
women,4.51855751296157
woody,3.4135408018979416
wooer,4.345716111582756
wooly,3.7377617793842446
woozy,2.8221802353480268
wordy,4.2628107946441585
world,4.5780568203517475
worry,3.81621351677546
worse,5.17502145295774
worst,4.9395876520338176
worth,4.59276232993526
would,4.298310191841888
wound,4.200126994249593
woven,4.265606176977554
wrack,4.348392173341247
wrath,4.824615223013382
wreak,4.649224180653427
wreck,4.2940244904776925
wrest,5.106447148595739
wring,4.323411749570391
wrist,4.947396492665673
write,5.24117836808726
wrong,4.362660505040373
wrote,5.219825730133149
wrung,4.113463042392681
wryly,3.5495061237269177
yacht,4.520263212037803
yearn,5.35297530088768
yeast,5.388287086452311
yield,4.768894338961148
young,4.201714895735084
youth,4.447188062422375
zebra,4.304841277340065
zesty,4.151235253688884
zonal,4.431219641793324
